{
  "extends": [
    "tslint:recommended",
    "tslint-react",
    "tslint-config-prettier",
    "tslint-react-hooks"
  ],
  "rules": {
    "quotemark": [true, "single", "jsx-double"],
    "semicolon": [true, "always"],
    "trailing-comma": [true],
    "object-literal-sort-keys": false,
    "no-unused-variable": true,
    "interface-name": false,
    "no-empty-interface": false,
    "jsx-no-multiline-js": false,
    "jsx-no-target-blank": false,
    "no-shadowed-variable": [true, { "temporalDeadZone": false }],
    "member-ordering": [true, { "order": "fields-first" }],
    "react-hooks-nesting": "warning"
  }
}
